-- phpMyAdmin SQL Dump
-- version 4.0.4.1
-- http://www.phpmyadmin.net
--
-- Host: 127.0.0.1
-- Generation Time: Jul 03, 2014 at 02:17 PM
-- Server version: 5.5.32
-- PHP Version: 5.4.19

SET SQL_MODE = "NO_AUTO_VALUE_ON_ZERO";
SET time_zone = "+00:00";


/*!40101 SET @OLD_CHARACTER_SET_CLIENT=@@CHARACTER_SET_CLIENT */;
/*!40101 SET @OLD_CHARACTER_SET_RESULTS=@@CHARACTER_SET_RESULTS */;
/*!40101 SET @OLD_COLLATION_CONNECTION=@@COLLATION_CONNECTION */;
/*!40101 SET NAMES utf8 */;

--
-- Database: `fust`
--
CREATE DATABASE IF NOT EXISTS `fust` DEFAULT CHARACTER SET utf8 COLLATE utf8_unicode_ci;
USE `fust`;

-- --------------------------------------------------------

--
-- Table structure for table `cate_new`
--

CREATE TABLE IF NOT EXISTS `cate_new` (
  `id_cate` int(11) NOT NULL AUTO_INCREMENT,
  `title_cate` varchar(255) COLLATE utf8_unicode_ci NOT NULL,
  PRIMARY KEY (`id_cate`)
) ENGINE=InnoDB  DEFAULT CHARSET=utf8 COLLATE=utf8_unicode_ci AUTO_INCREMENT=5 ;

--
-- Dumping data for table `cate_new`
--

INSERT INTO `cate_new` (`id_cate`, `title_cate`) VALUES
(1, 'Tin tức mới'),
(2, 'Tin tức CLB'),
(3, 'Futsal quốc tế'),
(4, 'Futsal trong nước');

-- --------------------------------------------------------

--
-- Table structure for table `challenge`
--

CREATE TABLE IF NOT EXISTS `challenge` (
  `id_challenge` int(11) NOT NULL AUTO_INCREMENT,
  `team_challenge` varchar(255) COLLATE utf8_unicode_ci NOT NULL,
  `team_challenge_logo` varchar(255) COLLATE utf8_unicode_ci NOT NULL,
  `leader_challenge` varchar(255) COLLATE utf8_unicode_ci NOT NULL,
  `email_leader_challenge` varchar(255) COLLATE utf8_unicode_ci NOT NULL,
  `phone_leader_challenge` varchar(255) COLLATE utf8_unicode_ci NOT NULL,
  `courtyard_challenge` varchar(255) COLLATE utf8_unicode_ci NOT NULL,
  `keo` varchar(255) COLLATE utf8_unicode_ci NOT NULL,
  `time` datetime NOT NULL,
  `confirm` int(11) NOT NULL,
  PRIMARY KEY (`id_challenge`)
) ENGINE=InnoDB  DEFAULT CHARSET=utf8 COLLATE=utf8_unicode_ci AUTO_INCREMENT=5 ;

--
-- Dumping data for table `challenge`
--

INSERT INTO `challenge` (`id_challenge`, `team_challenge`, `team_challenge_logo`, `leader_challenge`, `email_leader_challenge`, `phone_leader_challenge`, `courtyard_challenge`, `keo`, `time`, `confirm`) VALUES
(1, 'Globalinks FC', 'd50cf5d97130dbb63152670d942bcce8_50f77a53d28bb.png', 'Globalinks FC', 'Globalinks FC', 'Globalinks FC', 'Lữ Đoàn596', '70-30', '2014-07-04 20:00:00', 1),
(2, 'Globalinks FC', 'd50cf5d97130dbb63152670d942bcce8_50f77a53d28bb.png', 'Globalinks FC', 'Globalinks FC', 'Globalinks FC', 'Lữ Đoàn596', '70-30', '2014-07-01 00:00:00', 1),
(3, 'Globalinks FC', 'd50cf5d97130dbb63152670d942bcce8_50f77a53d28bb.png', 'Globalinks FC', 'Globalinks FC', 'Globalinks FC', 'Lữ Đoàn596', '70-30', '2014-07-17 00:00:00', 1),
(4, 'Globalinks FC', 'd50cf5d97130dbb63152670d942bcce8_50f77a53d28bb.png', 'Globalinks FC', 'Globalinks FC', 'Globalinks FC', 'Lữ Đoàn596', '70-30', '2014-07-09 00:00:00', 1);

-- --------------------------------------------------------

--
-- Table structure for table `ci_sessions`
--

CREATE TABLE IF NOT EXISTS `ci_sessions` (
  `session_id` varchar(40) NOT NULL DEFAULT '0',
  `ip_address` varchar(16) NOT NULL DEFAULT '0',
  `user_agent` varchar(50) NOT NULL,
  `last_activity` int(10) unsigned NOT NULL DEFAULT '0',
  `user_data` text NOT NULL,
  PRIMARY KEY (`session_id`)
) ENGINE=InnoDB DEFAULT CHARSET=latin1;

--
-- Dumping data for table `ci_sessions`
--

INSERT INTO `ci_sessions` (`session_id`, `ip_address`, `user_agent`, `last_activity`, `user_data`) VALUES
('015134e64e5082e61fcb9588764496a1', '::1', 'Mozilla/5.0 (Windows NT 6.3) AppleWebKit/537.36 (K', 1404387427, ''),
('01d720f6c0415f419c3244316600b8eb', '::1', 'Mozilla/5.0 (Windows NT 6.3) AppleWebKit/537.36 (K', 1404384980, ''),
('046ca575bed71db57e0fd04535281b42', '::1', 'Mozilla/5.0 (Windows NT 6.3) AppleWebKit/537.36 (K', 1404384915, ''),
('08bd5521cec95d355b677c3c82b91fb3', '::1', 'Mozilla/5.0 (Windows NT 6.3) AppleWebKit/537.36 (K', 1404387356, ''),
('08dd3c6fa7da190ab82a268c4d21d6a8', '::1', 'Mozilla/5.0 (Windows NT 6.3) AppleWebKit/537.36 (K', 1404387088, ''),
('0fb637bf84f0b113410c1244491c436e', '::1', 'Mozilla/5.0 (Windows NT 6.3) AppleWebKit/537.36 (K', 1404387428, ''),
('0fee2bca23e2b3003bbe6fa7ad230b4f', '::1', 'Mozilla/5.0 (Windows NT 6.3) AppleWebKit/537.36 (K', 1404385773, ''),
('155e05f3d888f26326367459f5aac957', '::1', 'Mozilla/5.0 (Windows NT 6.3) AppleWebKit/537.36 (K', 1404385687, ''),
('1ac6646379ab3961fe50b439745426f9', '::1', 'Mozilla/5.0 (Windows NT 6.3) AppleWebKit/537.36 (K', 1404385916, ''),
('1ae1fa0d707da1e34d28f323efd8a15f', '::1', 'Mozilla/5.0 (Windows NT 6.3) AppleWebKit/537.36 (K', 1404385316, ''),
('1f6838ba785e27aad7cd0624d8bec888', '::1', 'Mozilla/5.0 (Windows NT 6.3) AppleWebKit/537.36 (K', 1404389184, ''),
('1faa0e2683622079345b1d5a2db34447', '::1', 'Mozilla/5.0 (Windows NT 6.3) AppleWebKit/537.36 (K', 1404389779, ''),
('22127e2bab722733482c8121fe59ef9a', '::1', 'Mozilla/5.0 (Windows NT 6.3) AppleWebKit/537.36 (K', 1404385664, ''),
('287fff9fe4c77d34020898970ed44827', '::1', 'Mozilla/5.0 (Windows NT 6.3) AppleWebKit/537.36 (K', 1404388991, ''),
('29db4714390531464f13e413decc59ff', '::1', 'Mozilla/5.0 (Windows NT 6.3) AppleWebKit/537.36 (K', 1404389032, ''),
('2dacce820f9c90044c621099a34a5ede', '::1', 'Mozilla/5.0 (Windows NT 6.3) AppleWebKit/537.36 (K', 1404387405, ''),
('327d5b6bf2bde8d5e6a80c57ac68f655', '::1', 'Mozilla/5.0 (Windows NT 6.3) AppleWebKit/537.36 (K', 1404386366, ''),
('3472cb28b3df4a7f3db743eb3b0a1020', '::1', 'Mozilla/5.0 (Windows NT 6.3) AppleWebKit/537.36 (K', 1404385949, ''),
('355a0287d4e6332b01f01162fd527ba4', '::1', 'Mozilla/5.0 (Windows NT 6.3) AppleWebKit/537.36 (K', 1404387405, ''),
('3728d210a9d67dda94e5cb4223baf333', '::1', 'Mozilla/5.0 (Windows NT 6.3) AppleWebKit/537.36 (K', 1404384930, ''),
('3dd0f1bc9eab83f3c3723de55401b169', '::1', 'Mozilla/5.0 (Windows NT 6.3) AppleWebKit/537.36 (K', 1404385625, ''),
('42ec3838e8c6e2208308ddcb02313117', '::1', 'Mozilla/5.0 (Windows NT 6.3) AppleWebKit/537.36 (K', 1404385663, ''),
('45a059e07060261016be4821c5961b3b', '::1', 'Mozilla/5.0 (Windows NT 6.3) AppleWebKit/537.36 (K', 1404385341, ''),
('4885dfa0972a3d5e1b51889cabaa8438', '::1', 'Mozilla/5.0 (Windows NT 6.3) AppleWebKit/537.36 (K', 1404388361, ''),
('4de22a92c7f312a2b97b445bac458a5b', '::1', 'Mozilla/5.0 (Windows NT 6.3) AppleWebKit/537.36 (K', 1404385714, ''),
('57ab3402cbd9bbf15434b6b5e8298386', '::1', 'Mozilla/5.0 (Windows NT 6.3) AppleWebKit/537.36 (K', 1404389031, ''),
('59717e45dc0652d00ee0ad6bb82f87b0', '::1', 'Mozilla/5.0 (Windows NT 6.3) AppleWebKit/537.36 (K', 1404389184, ''),
('5bffd4209b273810db8261ff93948f5d', '::1', 'Mozilla/5.0 (Windows NT 6.3) AppleWebKit/537.36 (K', 1404387058, ''),
('5c6f4c4751dd6a0f85522191cc8ee4ac', '::1', 'Mozilla/5.0 (Windows NT 6.3) AppleWebKit/537.36 (K', 1404387059, ''),
('6120089e167a3dc87f82535722e857ee', '::1', 'Mozilla/5.0 (Windows NT 6.3) AppleWebKit/537.36 (K', 1404389054, ''),
('69b9472c480d5721d0c6a705132a739a', '::1', 'Mozilla/5.0 (Windows NT 6.3) AppleWebKit/537.36 (K', 1404386365, ''),
('6aec780d5d4c8ca13498adc647ee2bb1', '::1', 'Mozilla/5.0 (Windows NT 6.3) AppleWebKit/537.36 (K', 1404385688, ''),
('6c9dbd014bbb3e72b4b18cebb654839c', '::1', 'Mozilla/5.0 (Windows NT 6.3) AppleWebKit/537.36 (K', 1404389773, ''),
('6d4fcb1106e2fb7829feac8d23da5dd5', '::1', 'Mozilla/5.0 (Windows NT 6.3) AppleWebKit/537.36 (K', 1404388381, ''),
('6e9f21a0cf5b655536d8d9bde9473a28', '::1', 'Mozilla/5.0 (Windows NT 6.3) AppleWebKit/537.36 (K', 1404386038, ''),
('70b6ff247751dbb39246d9a599bb1189', '::1', 'Mozilla/5.0 (Windows NT 6.3) AppleWebKit/537.36 (K', 1404389343, ''),
('7196f67b4d80192298ad8bfd764d1e21', '::1', 'Mozilla/5.0 (Windows NT 6.3) AppleWebKit/537.36 (K', 1404389772, ''),
('71df74fe9e8fd693ff5afb8c9f34433c', '::1', 'Mozilla/5.0 (Windows NT 6.3) AppleWebKit/537.36 (K', 1404388362, ''),
('71e5c0b704e26b56828cb827f8adc021', '::1', 'Mozilla/5.0 (Windows NT 6.3) AppleWebKit/537.36 (K', 1404387087, ''),
('72fc1c3eaf220ac81732169b65a1f8a3', '::1', 'Mozilla/5.0 (Windows NT 6.3) AppleWebKit/537.36 (K', 1404385774, ''),
('73219833620bd4406e3751965bcd66c4', '::1', 'Mozilla/5.0 (Windows NT 6.3) AppleWebKit/537.36 (K', 1404385286, ''),
('7397a369eaa38d49a6f71390873ac103', '::1', 'Mozilla/5.0 (Windows NT 6.3) AppleWebKit/537.36 (K', 1404385126, ''),
('739f654623aefe211a043c77b634209f', '::1', 'Mozilla/5.0 (Windows NT 6.3) AppleWebKit/537.36 (K', 1404387414, ''),
('78a54bea3037fadc35bbbbe8e2452376', '::1', 'Mozilla/5.0 (Windows NT 6.3) AppleWebKit/537.36 (K', 1404387355, ''),
('7d170ba1ad8e94eb9b9847f0b3a1a495', '::1', 'Mozilla/5.0 (Windows NT 6.3) AppleWebKit/537.36 (K', 1404386527, ''),
('840c597e836bc3518d17616ea827d4cc', '::1', 'Mozilla/5.0 (Windows NT 6.3) AppleWebKit/537.36 (K', 1404387657, ''),
('867b8f116e0850faf0abbbc046c88f05', '::1', 'Mozilla/5.0 (Windows NT 6.3) AppleWebKit/537.36 (K', 1404389142, ''),
('8bb700414389c644d268f4cd80ba16ac', '::1', 'Mozilla/5.0 (Windows NT 6.3) AppleWebKit/537.36 (K', 1404388942, ''),
('8bd6bdcee6ec789080aaa670c3914d3c', '::1', 'Mozilla/5.0 (Windows NT 6.3) AppleWebKit/537.36 (K', 1404385627, ''),
('903871a571c6280e6d42103a395fa9a0', '::1', 'Mozilla/5.0 (Windows NT 6.3) AppleWebKit/537.36 (K', 1404388333, ''),
('9222d4391dcb48603351ba8ae3a5d2f7', '::1', 'Mozilla/5.0 (Windows NT 6.3) AppleWebKit/537.36 (K', 1404386888, ''),
('960edd9b09cbc1325235573704452ce7', '::1', 'Mozilla/5.0 (Windows NT 6.3) AppleWebKit/537.36 (K', 1404385287, ''),
('9b927f25d379ac9121ccc696b5ce3ee1', '::1', 'Mozilla/5.0 (Windows NT 6.3) AppleWebKit/537.36 (K', 1404386559, ''),
('9feb650c9fccce97c75160cea510d1cc', '::1', 'Mozilla/5.0 (Windows NT 6.3) AppleWebKit/537.36 (K', 1404389732, ''),
('a348da7d2a87009d39c4013675e590b3', '::1', 'Mozilla/5.0 (Windows NT 6.3) AppleWebKit/537.36 (K', 1404385714, ''),
('a5310a72c91cee8454502f1fff903294', '::1', 'Mozilla/5.0 (Windows NT 6.3) AppleWebKit/537.36 (K', 1404386585, ''),
('a9002e584e665fee9d7c0eedba8445a3', '::1', 'Mozilla/5.0 (Windows NT 6.3) AppleWebKit/537.36 (K', 1404389141, ''),
('acbfdf3164880996ea23d8dc9c339fac', '::1', 'Mozilla/5.0 (Windows NT 6.3) AppleWebKit/537.36 (K', 1404386558, ''),
('ae564695f9388310764493d4d4eaee76', '::1', 'Mozilla/5.0 (Windows NT 6.3) AppleWebKit/537.36 (K', 1404387189, ''),
('b5d81b1f1eacd33566ab63935c00cd37', '::1', 'Mozilla/5.0 (Windows NT 6.3) AppleWebKit/537.36 (K', 1404386039, ''),
('b766d7ad1f07af822a18e51acb6f6742', '::1', 'Mozilla/5.0 (Windows NT 6.3) AppleWebKit/537.36 (K', 1404386584, ''),
('c0667a2b01ae6b1d3b1b805ec16c07b9', '::1', 'Mozilla/5.0 (Windows NT 6.3) AppleWebKit/537.36 (K', 1404385917, ''),
('c8b8d7329a227588631afe1d6a6d37c2', '::1', 'Mozilla/5.0 (Windows NT 6.3) AppleWebKit/537.36 (K', 1404388974, ''),
('cde26436b93526127bce9be99c88ace2', '::1', 'Mozilla/5.0 (Windows NT 6.3) AppleWebKit/537.36 (K', 1404388909, ''),
('ceae545d5bf0472f1cf5813d53138274', '::1', 'Mozilla/5.0 (Windows NT 6.3) AppleWebKit/537.36 (K', 1404388313, ''),
('cf94aa7e8af4f209aa3d140f6516845e', '::1', 'Mozilla/5.0 (Windows NT 6.3) AppleWebKit/537.36 (K', 1404389732, ''),
('d4f6378543c081bab039cc963c375bd2', '::1', 'Mozilla/5.0 (Windows NT 6.3) AppleWebKit/537.36 (K', 1404385340, ''),
('d6a858b72e1d7747d3d82059d51a0ec3', '::1', 'Mozilla/5.0 (Windows NT 6.3) AppleWebKit/537.36 (K', 1404385949, ''),
('dc74252c5320a9b84c77ab937858c74b', '::1', 'Mozilla/5.0 (Windows NT 6.3) AppleWebKit/537.36 (K', 1404387128, ''),
('de842caaa22cd18d2aa43a702b25bda4', '::1', 'Mozilla/5.0 (Windows NT 6.3) AppleWebKit/537.36 (K', 1404389160, ''),
('e0b3a24943db3d89b988e6df3e9ea09d', '::1', 'Mozilla/5.0 (Windows NT 6.3) AppleWebKit/537.36 (K', 1404388361, ''),
('e0ed5156466c080a77d50007f1d82dce', '::1', 'Mozilla/5.0 (Windows NT 6.3) AppleWebKit/537.36 (K', 1404388972, ''),
('e159917b6e43203232ababba7466bc1b', '::1', 'Mozilla/5.0 (Windows NT 6.3) AppleWebKit/537.36 (K', 1404387129, ''),
('e3b4bce3258f4c95e8f0cd606167add9', '::1', 'Mozilla/5.0 (Windows NT 6.3) AppleWebKit/537.36 (K', 1404386527, ''),
('e4e817161a3e14ef51e3baec93005144', '::1', 'Mozilla/5.0 (Windows NT 6.3) AppleWebKit/537.36 (K', 1404388312, ''),
('e6c37f738d32b8acb69b9a253a1f991c', '::1', 'Mozilla/5.0 (Windows NT 6.3) AppleWebKit/537.36 (K', 1404384979, ''),
('e8712726183247e6803ac7c6e350dd67', '::1', 'Mozilla/5.0 (Windows NT 6.3) AppleWebKit/537.36 (K', 1404385317, ''),
('ea344e015c8ae1af8b07d19362956116', '::1', 'Mozilla/5.0 (Windows NT 6.3) AppleWebKit/537.36 (K', 1404386998, ''),
('ef95da597af918398014a8ae4a165309', '::1', 'Mozilla/5.0 (Windows NT 6.3) AppleWebKit/537.36 (K', 1404387189, ''),
('f1aa786c3647f7158a42b0f274ae5a05', '::1', 'Mozilla/5.0 (Windows NT 6.3) AppleWebKit/537.36 (K', 1404389033, ''),
('f4d4b3e9ffc1f7d941e3853a5b1dfd32', '::1', 'Mozilla/5.0 (Windows NT 6.3) AppleWebKit/537.36 (K', 1404387422, ''),
('f50ddfc975bb58404c8cea8f7587b44e', '::1', 'Mozilla/5.0 (Windows NT 6.3) AppleWebKit/537.36 (K', 1404389033, ''),
('f630ad7b640334d68546e99c8c69b039', '::1', 'Mozilla/5.0 (Windows NT 6.3) AppleWebKit/537.36 (K', 1404389142, ''),
('f670116f6c5814fd96be11d7d575b91f', '::1', 'Mozilla/5.0 (Windows NT 6.3) AppleWebKit/537.36 (K', 1404385860, ''),
('f8e206a9a84e6e1853cdaa3e7b09b341', '::1', 'Mozilla/5.0 (Windows NT 6.3) AppleWebKit/537.36 (K', 1404385861, ''),
('f9284729edffc69af0efafe053b659eb', '::1', 'Mozilla/5.0 (Windows NT 6.3) AppleWebKit/537.36 (K', 1404386889, ''),
('f95f7d8c5e3323fc39c32d1800c96c57', '::1', 'Mozilla/5.0 (Windows NT 6.3) AppleWebKit/537.36 (K', 1404386999, ''),
('fdf3caebd93c3fe26a5604448ee1d50a', '::1', 'Mozilla/5.0 (Windows NT 6.3) AppleWebKit/537.36 (K', 1404385125, '');

-- --------------------------------------------------------

--
-- Table structure for table `image_fust`
--

CREATE TABLE IF NOT EXISTS `image_fust` (
  `id_image` int(11) NOT NULL AUTO_INCREMENT,
  `image` varchar(255) COLLATE utf8_unicode_ci NOT NULL,
  `title_image` varchar(255) COLLATE utf8_unicode_ci NOT NULL,
  PRIMARY KEY (`id_image`)
) ENGINE=InnoDB  DEFAULT CHARSET=utf8 COLLATE=utf8_unicode_ci AUTO_INCREMENT=3 ;

--
-- Dumping data for table `image_fust`
--

INSERT INTO `image_fust` (`id_image`, `image`, `title_image`) VALUES
(1, '10367189_10200927562911582_2770906195226086934_n.jpg', 'Test'),
(2, '10306173_10200927563991609_6179007348578689500_n.jpg', 'Test\r\n');

-- --------------------------------------------------------

--
-- Table structure for table `login_attempts`
--

CREATE TABLE IF NOT EXISTS `login_attempts` (
  `id` int(11) NOT NULL AUTO_INCREMENT,
  `ip_address` varchar(40) COLLATE utf8_bin NOT NULL,
  `login` varchar(50) COLLATE utf8_bin NOT NULL,
  `time` timestamp NOT NULL DEFAULT CURRENT_TIMESTAMP ON UPDATE CURRENT_TIMESTAMP,
  PRIMARY KEY (`id`)
) ENGINE=InnoDB DEFAULT CHARSET=utf8 COLLATE=utf8_bin AUTO_INCREMENT=1 ;

-- --------------------------------------------------------

--
-- Table structure for table `news`
--

CREATE TABLE IF NOT EXISTS `news` (
  `id_new` int(11) NOT NULL AUTO_INCREMENT,
  `title_new` varchar(255) COLLATE utf8_unicode_ci NOT NULL,
  `content_new` text COLLATE utf8_unicode_ci NOT NULL,
  `id_cate` int(11) NOT NULL,
  `count_view` int(11) NOT NULL,
  `noi_bat` int(11) NOT NULL,
  `image_new` varchar(255) COLLATE utf8_unicode_ci NOT NULL,
  `id_user` int(11) NOT NULL,
  `create_date` int(11) NOT NULL,
  PRIMARY KEY (`id_new`)
) ENGINE=InnoDB  DEFAULT CHARSET=utf8 COLLATE=utf8_unicode_ci AUTO_INCREMENT=16 ;

--
-- Dumping data for table `news`
--

INSERT INTO `news` (`id_new`, `title_new`, `content_new`, `id_cate`, `count_view`, `noi_bat`, `image_new`, `id_user`, `create_date`) VALUES
(1, '[Match Review] FUST vs Chiên Đàn FC (5 - 4)', '19h30 tối thứ Sáu ngày 27/06 trên sân bóng 917A, đội bóng Futsal United Saigon lần đầu chạm trán với một đội bóng rất mạnh là Chiên Đàn FC (đây là đội được tập luyện rất bài bản). Nhưng dưới sự dẫn dắt của HLV dày dạn kinh nghiệm Đặng Hồng Kỳ chỉ đạo cho các cầu thủ FUST áp dụng chiến thuật "Phòng chặt - Phản công nhanh". Anh yêu cầu các cầu thủ của mình thi đấu thấp và tập trung tận dụng những đường phản công nhanh hiệu quả.\r\n\r\nTrong một pha đá biên Hồng Quang băng xuống mạnh mẽ chích mũi tinh tế ghi bàn mở tỷ số trận đấu cho FUST. Sau khi bị ghi bàn Chiên Đàn dâng đội hình lên cao nhằm tìm kiếm bàn gỡ và trong một pha lúng túng thì Ngọc Hùng đã có một pha phản lưới nhà giúp cho Chiên Đàn có bàn gỡ hoà 1-1. Tiếp tục đà hưng phấn đó Chiên Đàn tiếp tục ghi bàn vươn lên dẫn trước 2-1 sau khi tận dụng sai lầm của các hậu vệ FUST.\r\n\r\nMặc dù bị dẫn trước nhưng các cầu thủ FUST không nản chí mà cố gắng dần lấy lại thế trận và tuân thủ đấu pháp hợp lý của HLV. Cầu thủ Đình Thạch đã toả sáng với một cú hattrick giúp cho FUST ghi liên tiếp 3 bàn và dẫn lại 4-2.\r\n\r\nSau khi bị thua liên tiếp, Chiên Đàn tổ chức đá kiểu Power-Play với 5 cầu thủ và họ tiếp tục có được 2 bàn thắng gỡ hoà 4-4. Nhưng FUST không hề nao núng, các cầu thủ cố gắng giữ thế trận và tổ chức tấn công. Trong một pha leo biên, Duy Linh đã có một pha chuyền cột hai rất xuất sắc để cho Ngọc Hùng đệm chính xác để nâng tỷ số lên 5-4 cho FUST (đây cũng là cách mà cầu thủ này chuộc lại lỗi lầm trong pha phản lưới nhà của mình).\r\n\r\nNhững phút cuối trận, Chiên Đàn FC liên tục tổ chức tấn công và uy hiếp khung thành thủ môn Trường Giang nhưng trong một ngày thi đấu xuất sắc của mình, cộng với sự chỉ đạo hợp lý của HLV, cuối cùng FUST vẫn bảo toàn được kết quả tỷ số đến khi tiếng còi kết thúc trận đấu vang lên.\r\n\r\nXin chúc mừng chiến thắng của toàn đội và chúc mừng anh em đã có một trận đấu thật tuyệt vời !', 1, 0, 1, '220812_futsal1.jpg', 1, 123),
(2, '[Match Review] FUST vs Chiên Đàn FC (5 - 4)', '19h30 tối thứ Sáu ngày 27/06 trên sân bóng 917A, đội bóng Futsal United Saigon lần đầu chạm trán với một đội bóng rất mạnh là Chiên Đàn FC (đây là đội được tập luyện rất bài bản). Nhưng dưới sự dẫn dắt của HLV dày dạn kinh nghiệm Đặng Hồng Kỳ chỉ đạo cho các cầu thủ FUST áp dụng chiến thuật "Phòng chặt - Phản công nhanh". Anh yêu cầu các cầu thủ của mình thi đấu thấp và tập trung tận dụng những đường phản công nhanh hiệu quả.\r\n\r\nTrong một pha đá biên Hồng Quang băng xuống mạnh mẽ chích mũi tinh tế ghi bàn mở tỷ số trận đấu cho FUST. Sau khi bị ghi bàn Chiên Đàn dâng đội hình lên cao nhằm tìm kiếm bàn gỡ và trong một pha lúng túng thì Ngọc Hùng đã có một pha phản lưới nhà giúp cho Chiên Đàn có bàn gỡ hoà 1-1. Tiếp tục đà hưng phấn đó Chiên Đàn tiếp tục ghi bàn vươn lên dẫn trước 2-1 sau khi tận dụng sai lầm của các hậu vệ FUST.\r\n\r\nMặc dù bị dẫn trước nhưng các cầu thủ FUST không nản chí mà cố gắng dần lấy lại thế trận và tuân thủ đấu pháp hợp lý của HLV. Cầu thủ Đình Thạch đã toả sáng với một cú hattrick giúp cho FUST ghi liên tiếp 3 bàn và dẫn lại 4-2.\r\n\r\nSau khi bị thua liên tiếp, Chiên Đàn tổ chức đá kiểu Power-Play với 5 cầu thủ và họ tiếp tục có được 2 bàn thắng gỡ hoà 4-4. Nhưng FUST không hề nao núng, các cầu thủ cố gắng giữ thế trận và tổ chức tấn công. Trong một pha leo biên, Duy Linh đã có một pha chuyền cột hai rất xuất sắc để cho Ngọc Hùng đệm chính xác để nâng tỷ số lên 5-4 cho FUST (đây cũng là cách mà cầu thủ này chuộc lại lỗi lầm trong pha phản lưới nhà của mình).\r\n\r\nNhững phút cuối trận, Chiên Đàn FC liên tục tổ chức tấn công và uy hiếp khung thành thủ môn Trường Giang nhưng trong một ngày thi đấu xuất sắc của mình, cộng với sự chỉ đạo hợp lý của HLV, cuối cùng FUST vẫn bảo toàn được kết quả tỷ số đến khi tiếng còi kết thúc trận đấu vang lên.\r\n\r\nXin chúc mừng chiến thắng của toàn đội và chúc mừng anh em đã có một trận đấu thật tuyệt vời !', 2, 0, 1, '220812_futsal1.jpg', 1, 123),
(3, '[Match Review] FUST vs Chiên Đàn FC (5 - 4)', '19h30 tối thứ Sáu ngày 27/06 trên sân bóng 917A, đội bóng Futsal United Saigon lần đầu chạm trán với một đội bóng rất mạnh là Chiên Đàn FC (đây là đội được tập luyện rất bài bản). Nhưng dưới sự dẫn dắt của HLV dày dạn kinh nghiệm Đặng Hồng Kỳ chỉ đạo cho các cầu thủ FUST áp dụng chiến thuật "Phòng chặt - Phản công nhanh". Anh yêu cầu các cầu thủ của mình thi đấu thấp và tập trung tận dụng những đường phản công nhanh hiệu quả.\r\n\r\nTrong một pha đá biên Hồng Quang băng xuống mạnh mẽ chích mũi tinh tế ghi bàn mở tỷ số trận đấu cho FUST. Sau khi bị ghi bàn Chiên Đàn dâng đội hình lên cao nhằm tìm kiếm bàn gỡ và trong một pha lúng túng thì Ngọc Hùng đã có một pha phản lưới nhà giúp cho Chiên Đàn có bàn gỡ hoà 1-1. Tiếp tục đà hưng phấn đó Chiên Đàn tiếp tục ghi bàn vươn lên dẫn trước 2-1 sau khi tận dụng sai lầm của các hậu vệ FUST.\r\n\r\nMặc dù bị dẫn trước nhưng các cầu thủ FUST không nản chí mà cố gắng dần lấy lại thế trận và tuân thủ đấu pháp hợp lý của HLV. Cầu thủ Đình Thạch đã toả sáng với một cú hattrick giúp cho FUST ghi liên tiếp 3 bàn và dẫn lại 4-2.\r\n\r\nSau khi bị thua liên tiếp, Chiên Đàn tổ chức đá kiểu Power-Play với 5 cầu thủ và họ tiếp tục có được 2 bàn thắng gỡ hoà 4-4. Nhưng FUST không hề nao núng, các cầu thủ cố gắng giữ thế trận và tổ chức tấn công. Trong một pha leo biên, Duy Linh đã có một pha chuyền cột hai rất xuất sắc để cho Ngọc Hùng đệm chính xác để nâng tỷ số lên 5-4 cho FUST (đây cũng là cách mà cầu thủ này chuộc lại lỗi lầm trong pha phản lưới nhà của mình).\r\n\r\nNhững phút cuối trận, Chiên Đàn FC liên tục tổ chức tấn công và uy hiếp khung thành thủ môn Trường Giang nhưng trong một ngày thi đấu xuất sắc của mình, cộng với sự chỉ đạo hợp lý của HLV, cuối cùng FUST vẫn bảo toàn được kết quả tỷ số đến khi tiếng còi kết thúc trận đấu vang lên.\r\n\r\nXin chúc mừng chiến thắng của toàn đội và chúc mừng anh em đã có một trận đấu thật tuyệt vời !', 1, 0, 1, '220812_futsal1.jpg', 1, 123),
(4, '[Match Review] FUST vs Chiên Đàn FC (5 - 4)', '19h30 tối thứ Sáu ngày 27/06 trên sân bóng 917A, đội bóng Futsal United Saigon lần đầu chạm trán với một đội bóng rất mạnh là Chiên Đàn FC (đây là đội được tập luyện rất bài bản). Nhưng dưới sự dẫn dắt của HLV dày dạn kinh nghiệm Đặng Hồng Kỳ chỉ đạo cho các cầu thủ FUST áp dụng chiến thuật "Phòng chặt - Phản công nhanh". Anh yêu cầu các cầu thủ của mình thi đấu thấp và tập trung tận dụng những đường phản công nhanh hiệu quả.\r\n\r\nTrong một pha đá biên Hồng Quang băng xuống mạnh mẽ chích mũi tinh tế ghi bàn mở tỷ số trận đấu cho FUST. Sau khi bị ghi bàn Chiên Đàn dâng đội hình lên cao nhằm tìm kiếm bàn gỡ và trong một pha lúng túng thì Ngọc Hùng đã có một pha phản lưới nhà giúp cho Chiên Đàn có bàn gỡ hoà 1-1. Tiếp tục đà hưng phấn đó Chiên Đàn tiếp tục ghi bàn vươn lên dẫn trước 2-1 sau khi tận dụng sai lầm của các hậu vệ FUST.\r\n\r\nMặc dù bị dẫn trước nhưng các cầu thủ FUST không nản chí mà cố gắng dần lấy lại thế trận và tuân thủ đấu pháp hợp lý của HLV. Cầu thủ Đình Thạch đã toả sáng với một cú hattrick giúp cho FUST ghi liên tiếp 3 bàn và dẫn lại 4-2.\r\n\r\nSau khi bị thua liên tiếp, Chiên Đàn tổ chức đá kiểu Power-Play với 5 cầu thủ và họ tiếp tục có được 2 bàn thắng gỡ hoà 4-4. Nhưng FUST không hề nao núng, các cầu thủ cố gắng giữ thế trận và tổ chức tấn công. Trong một pha leo biên, Duy Linh đã có một pha chuyền cột hai rất xuất sắc để cho Ngọc Hùng đệm chính xác để nâng tỷ số lên 5-4 cho FUST (đây cũng là cách mà cầu thủ này chuộc lại lỗi lầm trong pha phản lưới nhà của mình).\r\n\r\nNhững phút cuối trận, Chiên Đàn FC liên tục tổ chức tấn công và uy hiếp khung thành thủ môn Trường Giang nhưng trong một ngày thi đấu xuất sắc của mình, cộng với sự chỉ đạo hợp lý của HLV, cuối cùng FUST vẫn bảo toàn được kết quả tỷ số đến khi tiếng còi kết thúc trận đấu vang lên.\r\n\r\nXin chúc mừng chiến thắng của toàn đội và chúc mừng anh em đã có một trận đấu thật tuyệt vời !', 2, 0, 0, '220812_futsal1.jpg', 1, 123),
(5, '[Match Review] FUST vs Chiên Đàn FC (5 - 4)', '19h30 tối thứ Sáu ngày 27/06 trên sân bóng 917A, đội bóng Futsal United Saigon lần đầu chạm trán với một đội bóng rất mạnh là Chiên Đàn FC (đây là đội được tập luyện rất bài bản). Nhưng dưới sự dẫn dắt của HLV dày dạn kinh nghiệm Đặng Hồng Kỳ chỉ đạo cho các cầu thủ FUST áp dụng chiến thuật "Phòng chặt - Phản công nhanh". Anh yêu cầu các cầu thủ của mình thi đấu thấp và tập trung tận dụng những đường phản công nhanh hiệu quả.\r\n\r\nTrong một pha đá biên Hồng Quang băng xuống mạnh mẽ chích mũi tinh tế ghi bàn mở tỷ số trận đấu cho FUST. Sau khi bị ghi bàn Chiên Đàn dâng đội hình lên cao nhằm tìm kiếm bàn gỡ và trong một pha lúng túng thì Ngọc Hùng đã có một pha phản lưới nhà giúp cho Chiên Đàn có bàn gỡ hoà 1-1. Tiếp tục đà hưng phấn đó Chiên Đàn tiếp tục ghi bàn vươn lên dẫn trước 2-1 sau khi tận dụng sai lầm của các hậu vệ FUST.\r\n\r\nMặc dù bị dẫn trước nhưng các cầu thủ FUST không nản chí mà cố gắng dần lấy lại thế trận và tuân thủ đấu pháp hợp lý của HLV. Cầu thủ Đình Thạch đã toả sáng với một cú hattrick giúp cho FUST ghi liên tiếp 3 bàn và dẫn lại 4-2.\r\n\r\nSau khi bị thua liên tiếp, Chiên Đàn tổ chức đá kiểu Power-Play với 5 cầu thủ và họ tiếp tục có được 2 bàn thắng gỡ hoà 4-4. Nhưng FUST không hề nao núng, các cầu thủ cố gắng giữ thế trận và tổ chức tấn công. Trong một pha leo biên, Duy Linh đã có một pha chuyền cột hai rất xuất sắc để cho Ngọc Hùng đệm chính xác để nâng tỷ số lên 5-4 cho FUST (đây cũng là cách mà cầu thủ này chuộc lại lỗi lầm trong pha phản lưới nhà của mình).\r\n\r\nNhững phút cuối trận, Chiên Đàn FC liên tục tổ chức tấn công và uy hiếp khung thành thủ môn Trường Giang nhưng trong một ngày thi đấu xuất sắc của mình, cộng với sự chỉ đạo hợp lý của HLV, cuối cùng FUST vẫn bảo toàn được kết quả tỷ số đến khi tiếng còi kết thúc trận đấu vang lên.\r\n\r\nXin chúc mừng chiến thắng của toàn đội và chúc mừng anh em đã có một trận đấu thật tuyệt vời !', 1, 0, 0, '220812_futsal1.jpg', 1, 123),
(6, '[Match Review] FUST vs Chiên Đàn FC (5 - 4)', '19h30 tối thứ Sáu ngày 27/06 trên sân bóng 917A, đội bóng Futsal United Saigon lần đầu chạm trán với một đội bóng rất mạnh là Chiên Đàn FC (đây là đội được tập luyện rất bài bản). Nhưng dưới sự dẫn dắt của HLV dày dạn kinh nghiệm Đặng Hồng Kỳ chỉ đạo cho các cầu thủ FUST áp dụng chiến thuật "Phòng chặt - Phản công nhanh". Anh yêu cầu các cầu thủ của mình thi đấu thấp và tập trung tận dụng những đường phản công nhanh hiệu quả.\r\n\r\nTrong một pha đá biên Hồng Quang băng xuống mạnh mẽ chích mũi tinh tế ghi bàn mở tỷ số trận đấu cho FUST. Sau khi bị ghi bàn Chiên Đàn dâng đội hình lên cao nhằm tìm kiếm bàn gỡ và trong một pha lúng túng thì Ngọc Hùng đã có một pha phản lưới nhà giúp cho Chiên Đàn có bàn gỡ hoà 1-1. Tiếp tục đà hưng phấn đó Chiên Đàn tiếp tục ghi bàn vươn lên dẫn trước 2-1 sau khi tận dụng sai lầm của các hậu vệ FUST.\r\n\r\nMặc dù bị dẫn trước nhưng các cầu thủ FUST không nản chí mà cố gắng dần lấy lại thế trận và tuân thủ đấu pháp hợp lý của HLV. Cầu thủ Đình Thạch đã toả sáng với một cú hattrick giúp cho FUST ghi liên tiếp 3 bàn và dẫn lại 4-2.\r\n\r\nSau khi bị thua liên tiếp, Chiên Đàn tổ chức đá kiểu Power-Play với 5 cầu thủ và họ tiếp tục có được 2 bàn thắng gỡ hoà 4-4. Nhưng FUST không hề nao núng, các cầu thủ cố gắng giữ thế trận và tổ chức tấn công. Trong một pha leo biên, Duy Linh đã có một pha chuyền cột hai rất xuất sắc để cho Ngọc Hùng đệm chính xác để nâng tỷ số lên 5-4 cho FUST (đây cũng là cách mà cầu thủ này chuộc lại lỗi lầm trong pha phản lưới nhà của mình).\r\n\r\nNhững phút cuối trận, Chiên Đàn FC liên tục tổ chức tấn công và uy hiếp khung thành thủ môn Trường Giang nhưng trong một ngày thi đấu xuất sắc của mình, cộng với sự chỉ đạo hợp lý của HLV, cuối cùng FUST vẫn bảo toàn được kết quả tỷ số đến khi tiếng còi kết thúc trận đấu vang lên.\r\n\r\nXin chúc mừng chiến thắng của toàn đội và chúc mừng anh em đã có một trận đấu thật tuyệt vời !', 1, 0, 0, '220812_futsal1.jpg', 1, 123),
(7, '[Match Review] FUST vs Chiên Đàn FC (5 - 4)', '19h30 tối thứ Sáu ngày 27/06 trên sân bóng 917A, đội bóng Futsal United Saigon lần đầu chạm trán với một đội bóng rất mạnh là Chiên Đàn FC (đây là đội được tập luyện rất bài bản). Nhưng dưới sự dẫn dắt của HLV dày dạn kinh nghiệm Đặng Hồng Kỳ chỉ đạo cho các cầu thủ FUST áp dụng chiến thuật "Phòng chặt - Phản công nhanh". Anh yêu cầu các cầu thủ của mình thi đấu thấp và tập trung tận dụng những đường phản công nhanh hiệu quả.\r\n\r\nTrong một pha đá biên Hồng Quang băng xuống mạnh mẽ chích mũi tinh tế ghi bàn mở tỷ số trận đấu cho FUST. Sau khi bị ghi bàn Chiên Đàn dâng đội hình lên cao nhằm tìm kiếm bàn gỡ và trong một pha lúng túng thì Ngọc Hùng đã có một pha phản lưới nhà giúp cho Chiên Đàn có bàn gỡ hoà 1-1. Tiếp tục đà hưng phấn đó Chiên Đàn tiếp tục ghi bàn vươn lên dẫn trước 2-1 sau khi tận dụng sai lầm của các hậu vệ FUST.\r\n\r\nMặc dù bị dẫn trước nhưng các cầu thủ FUST không nản chí mà cố gắng dần lấy lại thế trận và tuân thủ đấu pháp hợp lý của HLV. Cầu thủ Đình Thạch đã toả sáng với một cú hattrick giúp cho FUST ghi liên tiếp 3 bàn và dẫn lại 4-2.\r\n\r\nSau khi bị thua liên tiếp, Chiên Đàn tổ chức đá kiểu Power-Play với 5 cầu thủ và họ tiếp tục có được 2 bàn thắng gỡ hoà 4-4. Nhưng FUST không hề nao núng, các cầu thủ cố gắng giữ thế trận và tổ chức tấn công. Trong một pha leo biên, Duy Linh đã có một pha chuyền cột hai rất xuất sắc để cho Ngọc Hùng đệm chính xác để nâng tỷ số lên 5-4 cho FUST (đây cũng là cách mà cầu thủ này chuộc lại lỗi lầm trong pha phản lưới nhà của mình).\r\n\r\nNhững phút cuối trận, Chiên Đàn FC liên tục tổ chức tấn công và uy hiếp khung thành thủ môn Trường Giang nhưng trong một ngày thi đấu xuất sắc của mình, cộng với sự chỉ đạo hợp lý của HLV, cuối cùng FUST vẫn bảo toàn được kết quả tỷ số đến khi tiếng còi kết thúc trận đấu vang lên.\r\n\r\nXin chúc mừng chiến thắng của toàn đội và chúc mừng anh em đã có một trận đấu thật tuyệt vời !', 1, 1, 0, '220812_futsal1.jpg', 1, 123),
(8, '[Match Review] FUST vs Chiên Đàn FC (5 - 4)', '19h30 tối thứ Sáu ngày 27/06 trên sân bóng 917A, đội bóng Futsal United Saigon lần đầu chạm trán với một đội bóng rất mạnh là Chiên Đàn FC (đây là đội được tập luyện rất bài bản). Nhưng dưới sự dẫn dắt của HLV dày dạn kinh nghiệm Đặng Hồng Kỳ chỉ đạo cho các cầu thủ FUST áp dụng chiến thuật "Phòng chặt - Phản công nhanh". Anh yêu cầu các cầu thủ của mình thi đấu thấp và tập trung tận dụng những đường phản công nhanh hiệu quả.\r\n\r\nTrong một pha đá biên Hồng Quang băng xuống mạnh mẽ chích mũi tinh tế ghi bàn mở tỷ số trận đấu cho FUST. Sau khi bị ghi bàn Chiên Đàn dâng đội hình lên cao nhằm tìm kiếm bàn gỡ và trong một pha lúng túng thì Ngọc Hùng đã có một pha phản lưới nhà giúp cho Chiên Đàn có bàn gỡ hoà 1-1. Tiếp tục đà hưng phấn đó Chiên Đàn tiếp tục ghi bàn vươn lên dẫn trước 2-1 sau khi tận dụng sai lầm của các hậu vệ FUST.\r\n\r\nMặc dù bị dẫn trước nhưng các cầu thủ FUST không nản chí mà cố gắng dần lấy lại thế trận và tuân thủ đấu pháp hợp lý của HLV. Cầu thủ Đình Thạch đã toả sáng với một cú hattrick giúp cho FUST ghi liên tiếp 3 bàn và dẫn lại 4-2.\r\n\r\nSau khi bị thua liên tiếp, Chiên Đàn tổ chức đá kiểu Power-Play với 5 cầu thủ và họ tiếp tục có được 2 bàn thắng gỡ hoà 4-4. Nhưng FUST không hề nao núng, các cầu thủ cố gắng giữ thế trận và tổ chức tấn công. Trong một pha leo biên, Duy Linh đã có một pha chuyền cột hai rất xuất sắc để cho Ngọc Hùng đệm chính xác để nâng tỷ số lên 5-4 cho FUST (đây cũng là cách mà cầu thủ này chuộc lại lỗi lầm trong pha phản lưới nhà của mình).\r\n\r\nNhững phút cuối trận, Chiên Đàn FC liên tục tổ chức tấn công và uy hiếp khung thành thủ môn Trường Giang nhưng trong một ngày thi đấu xuất sắc của mình, cộng với sự chỉ đạo hợp lý của HLV, cuối cùng FUST vẫn bảo toàn được kết quả tỷ số đến khi tiếng còi kết thúc trận đấu vang lên.\r\n\r\nXin chúc mừng chiến thắng của toàn đội và chúc mừng anh em đã có một trận đấu thật tuyệt vời !', 1, 0, 0, '220812_futsal1.jpg', 1, 123),
(9, '[Match Review] FUST vs Chiên Đàn FC (5 - 4)', '19h30 tối thứ Sáu ngày 27/06 trên sân bóng 917A, đội bóng Futsal United Saigon lần đầu chạm trán với một đội bóng rất mạnh là Chiên Đàn FC (đây là đội được tập luyện rất bài bản). Nhưng dưới sự dẫn dắt của HLV dày dạn kinh nghiệm Đặng Hồng Kỳ chỉ đạo cho các cầu thủ FUST áp dụng chiến thuật "Phòng chặt - Phản công nhanh". Anh yêu cầu các cầu thủ của mình thi đấu thấp và tập trung tận dụng những đường phản công nhanh hiệu quả.\r\n\r\nTrong một pha đá biên Hồng Quang băng xuống mạnh mẽ chích mũi tinh tế ghi bàn mở tỷ số trận đấu cho FUST. Sau khi bị ghi bàn Chiên Đàn dâng đội hình lên cao nhằm tìm kiếm bàn gỡ và trong một pha lúng túng thì Ngọc Hùng đã có một pha phản lưới nhà giúp cho Chiên Đàn có bàn gỡ hoà 1-1. Tiếp tục đà hưng phấn đó Chiên Đàn tiếp tục ghi bàn vươn lên dẫn trước 2-1 sau khi tận dụng sai lầm của các hậu vệ FUST.\r\n\r\nMặc dù bị dẫn trước nhưng các cầu thủ FUST không nản chí mà cố gắng dần lấy lại thế trận và tuân thủ đấu pháp hợp lý của HLV. Cầu thủ Đình Thạch đã toả sáng với một cú hattrick giúp cho FUST ghi liên tiếp 3 bàn và dẫn lại 4-2.\r\n\r\nSau khi bị thua liên tiếp, Chiên Đàn tổ chức đá kiểu Power-Play với 5 cầu thủ và họ tiếp tục có được 2 bàn thắng gỡ hoà 4-4. Nhưng FUST không hề nao núng, các cầu thủ cố gắng giữ thế trận và tổ chức tấn công. Trong một pha leo biên, Duy Linh đã có một pha chuyền cột hai rất xuất sắc để cho Ngọc Hùng đệm chính xác để nâng tỷ số lên 5-4 cho FUST (đây cũng là cách mà cầu thủ này chuộc lại lỗi lầm trong pha phản lưới nhà của mình).\r\n\r\nNhững phút cuối trận, Chiên Đàn FC liên tục tổ chức tấn công và uy hiếp khung thành thủ môn Trường Giang nhưng trong một ngày thi đấu xuất sắc của mình, cộng với sự chỉ đạo hợp lý của HLV, cuối cùng FUST vẫn bảo toàn được kết quả tỷ số đến khi tiếng còi kết thúc trận đấu vang lên.\r\n\r\nXin chúc mừng chiến thắng của toàn đội và chúc mừng anh em đã có một trận đấu thật tuyệt vời !', 2, 0, 0, '220812_futsal1.jpg', 1, 123),
(10, '[Match Review] FUST vs Chiên Đàn FC (5 - 4)', '19h30 tối thứ Sáu ngày 27/06 trên sân bóng 917A, đội bóng Futsal United Saigon lần đầu chạm trán với một đội bóng rất mạnh là Chiên Đàn FC (đây là đội được tập luyện rất bài bản). Nhưng dưới sự dẫn dắt của HLV dày dạn kinh nghiệm Đặng Hồng Kỳ chỉ đạo cho các cầu thủ FUST áp dụng chiến thuật "Phòng chặt - Phản công nhanh". Anh yêu cầu các cầu thủ của mình thi đấu thấp và tập trung tận dụng những đường phản công nhanh hiệu quả.\r\n\r\nTrong một pha đá biên Hồng Quang băng xuống mạnh mẽ chích mũi tinh tế ghi bàn mở tỷ số trận đấu cho FUST. Sau khi bị ghi bàn Chiên Đàn dâng đội hình lên cao nhằm tìm kiếm bàn gỡ và trong một pha lúng túng thì Ngọc Hùng đã có một pha phản lưới nhà giúp cho Chiên Đàn có bàn gỡ hoà 1-1. Tiếp tục đà hưng phấn đó Chiên Đàn tiếp tục ghi bàn vươn lên dẫn trước 2-1 sau khi tận dụng sai lầm của các hậu vệ FUST.\r\n\r\nMặc dù bị dẫn trước nhưng các cầu thủ FUST không nản chí mà cố gắng dần lấy lại thế trận và tuân thủ đấu pháp hợp lý của HLV. Cầu thủ Đình Thạch đã toả sáng với một cú hattrick giúp cho FUST ghi liên tiếp 3 bàn và dẫn lại 4-2.\r\n\r\nSau khi bị thua liên tiếp, Chiên Đàn tổ chức đá kiểu Power-Play với 5 cầu thủ và họ tiếp tục có được 2 bàn thắng gỡ hoà 4-4. Nhưng FUST không hề nao núng, các cầu thủ cố gắng giữ thế trận và tổ chức tấn công. Trong một pha leo biên, Duy Linh đã có một pha chuyền cột hai rất xuất sắc để cho Ngọc Hùng đệm chính xác để nâng tỷ số lên 5-4 cho FUST (đây cũng là cách mà cầu thủ này chuộc lại lỗi lầm trong pha phản lưới nhà của mình).\r\n\r\nNhững phút cuối trận, Chiên Đàn FC liên tục tổ chức tấn công và uy hiếp khung thành thủ môn Trường Giang nhưng trong một ngày thi đấu xuất sắc của mình, cộng với sự chỉ đạo hợp lý của HLV, cuối cùng FUST vẫn bảo toàn được kết quả tỷ số đến khi tiếng còi kết thúc trận đấu vang lên.\r\n\r\nXin chúc mừng chiến thắng của toàn đội và chúc mừng anh em đã có một trận đấu thật tuyệt vời !', 1, 0, 0, '220812_futsal1.jpg', 1, 123),
(11, '[Match Review] FUST vs Chiên Đàn FC (5 - 4)', '19h30 tối thứ Sáu ngày 27/06 trên sân bóng 917A, đội bóng Futsal United Saigon lần đầu chạm trán với một đội bóng rất mạnh là Chiên Đàn FC (đây là đội được tập luyện rất bài bản). Nhưng dưới sự dẫn dắt của HLV dày dạn kinh nghiệm Đặng Hồng Kỳ chỉ đạo cho các cầu thủ FUST áp dụng chiến thuật "Phòng chặt - Phản công nhanh". Anh yêu cầu các cầu thủ của mình thi đấu thấp và tập trung tận dụng những đường phản công nhanh hiệu quả.\r\n\r\nTrong một pha đá biên Hồng Quang băng xuống mạnh mẽ chích mũi tinh tế ghi bàn mở tỷ số trận đấu cho FUST. Sau khi bị ghi bàn Chiên Đàn dâng đội hình lên cao nhằm tìm kiếm bàn gỡ và trong một pha lúng túng thì Ngọc Hùng đã có một pha phản lưới nhà giúp cho Chiên Đàn có bàn gỡ hoà 1-1. Tiếp tục đà hưng phấn đó Chiên Đàn tiếp tục ghi bàn vươn lên dẫn trước 2-1 sau khi tận dụng sai lầm của các hậu vệ FUST.\r\n\r\nMặc dù bị dẫn trước nhưng các cầu thủ FUST không nản chí mà cố gắng dần lấy lại thế trận và tuân thủ đấu pháp hợp lý của HLV. Cầu thủ Đình Thạch đã toả sáng với một cú hattrick giúp cho FUST ghi liên tiếp 3 bàn và dẫn lại 4-2.\r\n\r\nSau khi bị thua liên tiếp, Chiên Đàn tổ chức đá kiểu Power-Play với 5 cầu thủ và họ tiếp tục có được 2 bàn thắng gỡ hoà 4-4. Nhưng FUST không hề nao núng, các cầu thủ cố gắng giữ thế trận và tổ chức tấn công. Trong một pha leo biên, Duy Linh đã có một pha chuyền cột hai rất xuất sắc để cho Ngọc Hùng đệm chính xác để nâng tỷ số lên 5-4 cho FUST (đây cũng là cách mà cầu thủ này chuộc lại lỗi lầm trong pha phản lưới nhà của mình).\r\n\r\nNhững phút cuối trận, Chiên Đàn FC liên tục tổ chức tấn công và uy hiếp khung thành thủ môn Trường Giang nhưng trong một ngày thi đấu xuất sắc của mình, cộng với sự chỉ đạo hợp lý của HLV, cuối cùng FUST vẫn bảo toàn được kết quả tỷ số đến khi tiếng còi kết thúc trận đấu vang lên.\r\n\r\nXin chúc mừng chiến thắng của toàn đội và chúc mừng anh em đã có một trận đấu thật tuyệt vời !', 2, 0, 0, '220812_futsal1.jpg', 1, 123),
(12, '[Match Review] FUST vs Chiên Đàn FC (5 - 4)', '19h30 tối thứ Sáu ngày 27/06 trên sân bóng 917A, đội bóng Futsal United Saigon lần đầu chạm trán với một đội bóng rất mạnh là Chiên Đàn FC (đây là đội được tập luyện rất bài bản). Nhưng dưới sự dẫn dắt của HLV dày dạn kinh nghiệm Đặng Hồng Kỳ chỉ đạo cho các cầu thủ FUST áp dụng chiến thuật "Phòng chặt - Phản công nhanh". Anh yêu cầu các cầu thủ của mình thi đấu thấp và tập trung tận dụng những đường phản công nhanh hiệu quả.\r\n\r\nTrong một pha đá biên Hồng Quang băng xuống mạnh mẽ chích mũi tinh tế ghi bàn mở tỷ số trận đấu cho FUST. Sau khi bị ghi bàn Chiên Đàn dâng đội hình lên cao nhằm tìm kiếm bàn gỡ và trong một pha lúng túng thì Ngọc Hùng đã có một pha phản lưới nhà giúp cho Chiên Đàn có bàn gỡ hoà 1-1. Tiếp tục đà hưng phấn đó Chiên Đàn tiếp tục ghi bàn vươn lên dẫn trước 2-1 sau khi tận dụng sai lầm của các hậu vệ FUST.\r\n\r\nMặc dù bị dẫn trước nhưng các cầu thủ FUST không nản chí mà cố gắng dần lấy lại thế trận và tuân thủ đấu pháp hợp lý của HLV. Cầu thủ Đình Thạch đã toả sáng với một cú hattrick giúp cho FUST ghi liên tiếp 3 bàn và dẫn lại 4-2.\r\n\r\nSau khi bị thua liên tiếp, Chiên Đàn tổ chức đá kiểu Power-Play với 5 cầu thủ và họ tiếp tục có được 2 bàn thắng gỡ hoà 4-4. Nhưng FUST không hề nao núng, các cầu thủ cố gắng giữ thế trận và tổ chức tấn công. Trong một pha leo biên, Duy Linh đã có một pha chuyền cột hai rất xuất sắc để cho Ngọc Hùng đệm chính xác để nâng tỷ số lên 5-4 cho FUST (đây cũng là cách mà cầu thủ này chuộc lại lỗi lầm trong pha phản lưới nhà của mình).\r\n\r\nNhững phút cuối trận, Chiên Đàn FC liên tục tổ chức tấn công và uy hiếp khung thành thủ môn Trường Giang nhưng trong một ngày thi đấu xuất sắc của mình, cộng với sự chỉ đạo hợp lý của HLV, cuối cùng FUST vẫn bảo toàn được kết quả tỷ số đến khi tiếng còi kết thúc trận đấu vang lên.\r\n\r\nXin chúc mừng chiến thắng của toàn đội và chúc mừng anh em đã có một trận đấu thật tuyệt vời !', 1, 0, 0, '220812_futsal1.jpg', 1, 123),
(13, '[Match Review] FUST vs Chiên Đàn FC (5 - 4)', '19h30 tối thứ Sáu ngày 27/06 trên sân bóng 917A, đội bóng Futsal United Saigon lần đầu chạm trán với một đội bóng rất mạnh là Chiên Đàn FC (đây là đội được tập luyện rất bài bản). Nhưng dưới sự dẫn dắt của HLV dày dạn kinh nghiệm Đặng Hồng Kỳ chỉ đạo cho các cầu thủ FUST áp dụng chiến thuật "Phòng chặt - Phản công nhanh". Anh yêu cầu các cầu thủ của mình thi đấu thấp và tập trung tận dụng những đường phản công nhanh hiệu quả.\r\n\r\nTrong một pha đá biên Hồng Quang băng xuống mạnh mẽ chích mũi tinh tế ghi bàn mở tỷ số trận đấu cho FUST. Sau khi bị ghi bàn Chiên Đàn dâng đội hình lên cao nhằm tìm kiếm bàn gỡ và trong một pha lúng túng thì Ngọc Hùng đã có một pha phản lưới nhà giúp cho Chiên Đàn có bàn gỡ hoà 1-1. Tiếp tục đà hưng phấn đó Chiên Đàn tiếp tục ghi bàn vươn lên dẫn trước 2-1 sau khi tận dụng sai lầm của các hậu vệ FUST.\r\n\r\nMặc dù bị dẫn trước nhưng các cầu thủ FUST không nản chí mà cố gắng dần lấy lại thế trận và tuân thủ đấu pháp hợp lý của HLV. Cầu thủ Đình Thạch đã toả sáng với một cú hattrick giúp cho FUST ghi liên tiếp 3 bàn và dẫn lại 4-2.\r\n\r\nSau khi bị thua liên tiếp, Chiên Đàn tổ chức đá kiểu Power-Play với 5 cầu thủ và họ tiếp tục có được 2 bàn thắng gỡ hoà 4-4. Nhưng FUST không hề nao núng, các cầu thủ cố gắng giữ thế trận và tổ chức tấn công. Trong một pha leo biên, Duy Linh đã có một pha chuyền cột hai rất xuất sắc để cho Ngọc Hùng đệm chính xác để nâng tỷ số lên 5-4 cho FUST (đây cũng là cách mà cầu thủ này chuộc lại lỗi lầm trong pha phản lưới nhà của mình).\r\n\r\nNhững phút cuối trận, Chiên Đàn FC liên tục tổ chức tấn công và uy hiếp khung thành thủ môn Trường Giang nhưng trong một ngày thi đấu xuất sắc của mình, cộng với sự chỉ đạo hợp lý của HLV, cuối cùng FUST vẫn bảo toàn được kết quả tỷ số đến khi tiếng còi kết thúc trận đấu vang lên.\r\n\r\nXin chúc mừng chiến thắng của toàn đội và chúc mừng anh em đã có một trận đấu thật tuyệt vời !', 1, 0, 0, '220812_futsal1.jpg', 1, 123),
(14, '[Match Review] FUST vs Chiên Đàn FC (5 - 4)', '19h30 tối thứ Sáu ngày 27/06 trên sân bóng 917A, đội bóng Futsal United Saigon lần đầu chạm trán với một đội bóng rất mạnh là Chiên Đàn FC (đây là đội được tập luyện rất bài bản). Nhưng dưới sự dẫn dắt của HLV dày dạn kinh nghiệm Đặng Hồng Kỳ chỉ đạo cho các cầu thủ FUST áp dụng chiến thuật "Phòng chặt - Phản công nhanh". Anh yêu cầu các cầu thủ của mình thi đấu thấp và tập trung tận dụng những đường phản công nhanh hiệu quả.\r\n\r\nTrong một pha đá biên Hồng Quang băng xuống mạnh mẽ chích mũi tinh tế ghi bàn mở tỷ số trận đấu cho FUST. Sau khi bị ghi bàn Chiên Đàn dâng đội hình lên cao nhằm tìm kiếm bàn gỡ và trong một pha lúng túng thì Ngọc Hùng đã có một pha phản lưới nhà giúp cho Chiên Đàn có bàn gỡ hoà 1-1. Tiếp tục đà hưng phấn đó Chiên Đàn tiếp tục ghi bàn vươn lên dẫn trước 2-1 sau khi tận dụng sai lầm của các hậu vệ FUST.\r\n\r\nMặc dù bị dẫn trước nhưng các cầu thủ FUST không nản chí mà cố gắng dần lấy lại thế trận và tuân thủ đấu pháp hợp lý của HLV. Cầu thủ Đình Thạch đã toả sáng với một cú hattrick giúp cho FUST ghi liên tiếp 3 bàn và dẫn lại 4-2.\r\n\r\nSau khi bị thua liên tiếp, Chiên Đàn tổ chức đá kiểu Power-Play với 5 cầu thủ và họ tiếp tục có được 2 bàn thắng gỡ hoà 4-4. Nhưng FUST không hề nao núng, các cầu thủ cố gắng giữ thế trận và tổ chức tấn công. Trong một pha leo biên, Duy Linh đã có một pha chuyền cột hai rất xuất sắc để cho Ngọc Hùng đệm chính xác để nâng tỷ số lên 5-4 cho FUST (đây cũng là cách mà cầu thủ này chuộc lại lỗi lầm trong pha phản lưới nhà của mình).\r\n\r\nNhững phút cuối trận, Chiên Đàn FC liên tục tổ chức tấn công và uy hiếp khung thành thủ môn Trường Giang nhưng trong một ngày thi đấu xuất sắc của mình, cộng với sự chỉ đạo hợp lý của HLV, cuối cùng FUST vẫn bảo toàn được kết quả tỷ số đến khi tiếng còi kết thúc trận đấu vang lên.\r\n\r\nXin chúc mừng chiến thắng của toàn đội và chúc mừng anh em đã có một trận đấu thật tuyệt vời !', 1, 0, 0, '220812_futsal1.jpg', 1, 123),
(15, '[Match Review] FUST vs Chiên Đàn FC (5 - 4)', '19h30 tối thứ Sáu ngày 27/06 trên sân bóng 917A, đội bóng Futsal United Saigon lần đầu chạm trán với một đội bóng rất mạnh là Chiên Đàn FC (đây là đội được tập luyện rất bài bản). Nhưng dưới sự dẫn dắt của HLV dày dạn kinh nghiệm Đặng Hồng Kỳ chỉ đạo cho các cầu thủ FUST áp dụng chiến thuật "Phòng chặt - Phản công nhanh". Anh yêu cầu các cầu thủ của mình thi đấu thấp và tập trung tận dụng những đường phản công nhanh hiệu quả.\r\n\r\nTrong một pha đá biên Hồng Quang băng xuống mạnh mẽ chích mũi tinh tế ghi bàn mở tỷ số trận đấu cho FUST. Sau khi bị ghi bàn Chiên Đàn dâng đội hình lên cao nhằm tìm kiếm bàn gỡ và trong một pha lúng túng thì Ngọc Hùng đã có một pha phản lưới nhà giúp cho Chiên Đàn có bàn gỡ hoà 1-1. Tiếp tục đà hưng phấn đó Chiên Đàn tiếp tục ghi bàn vươn lên dẫn trước 2-1 sau khi tận dụng sai lầm của các hậu vệ FUST.\r\n\r\nMặc dù bị dẫn trước nhưng các cầu thủ FUST không nản chí mà cố gắng dần lấy lại thế trận và tuân thủ đấu pháp hợp lý của HLV. Cầu thủ Đình Thạch đã toả sáng với một cú hattrick giúp cho FUST ghi liên tiếp 3 bàn và dẫn lại 4-2.\r\n\r\nSau khi bị thua liên tiếp, Chiên Đàn tổ chức đá kiểu Power-Play với 5 cầu thủ và họ tiếp tục có được 2 bàn thắng gỡ hoà 4-4. Nhưng FUST không hề nao núng, các cầu thủ cố gắng giữ thế trận và tổ chức tấn công. Trong một pha leo biên, Duy Linh đã có một pha chuyền cột hai rất xuất sắc để cho Ngọc Hùng đệm chính xác để nâng tỷ số lên 5-4 cho FUST (đây cũng là cách mà cầu thủ này chuộc lại lỗi lầm trong pha phản lưới nhà của mình).\r\n\r\nNhững phút cuối trận, Chiên Đàn FC liên tục tổ chức tấn công và uy hiếp khung thành thủ môn Trường Giang nhưng trong một ngày thi đấu xuất sắc của mình, cộng với sự chỉ đạo hợp lý của HLV, cuối cùng FUST vẫn bảo toàn được kết quả tỷ số đến khi tiếng còi kết thúc trận đấu vang lên.\r\n\r\nXin chúc mừng chiến thắng của toàn đội và chúc mừng anh em đã có một trận đấu thật tuyệt vời !', 1, 103, 0, '220812_futsal1.jpg', 1, 123);

-- --------------------------------------------------------

--
-- Table structure for table `province`
--

CREATE TABLE IF NOT EXISTS `province` (
  `provinceid` varchar(5) NOT NULL,
  `name` varchar(100) NOT NULL,
  `type` varchar(30) NOT NULL,
  PRIMARY KEY (`provinceid`)
) ENGINE=InnoDB DEFAULT CHARSET=utf8;

--
-- Dumping data for table `province`
--

INSERT INTO `province` (`provinceid`, `name`, `type`) VALUES
('01', 'Hà Nội', 'Thành Phố'),
('02', 'Hà Giang', 'Tỉnh'),
('04', 'Cao Bằng', 'Tỉnh'),
('06', 'Bắc Kạn', 'Tỉnh'),
('08', 'Tuyên Quang', 'Tỉnh'),
('10', 'Lào Cai', 'Tỉnh'),
('11', 'Điện Biên', 'Tỉnh'),
('12', 'Lai Châu', 'Tỉnh'),
('14', 'Sơn La', 'Tỉnh'),
('15', 'Yên Bái', 'Tỉnh'),
('17', 'Hòa Bình', 'Tỉnh'),
('19', 'Thái Nguyên', 'Tỉnh'),
('20', 'Lạng Sơn', 'Tỉnh'),
('22', 'Quảng Ninh', 'Tỉnh'),
('24', 'Bắc Giang', 'Tỉnh'),
('25', 'Phú Thọ', 'Tỉnh'),
('26', 'Vĩnh Phúc', 'Tỉnh'),
('27', 'Bắc Ninh', 'Tỉnh'),
('30', 'Hải Dương', 'Tỉnh'),
('31', 'Hải Phòng', 'Thành Phố'),
('33', 'Hưng Yên', 'Tỉnh'),
('34', 'Thái Bình', 'Tỉnh'),
('35', 'Hà Nam', 'Tỉnh'),
('36', 'Nam Định', 'Tỉnh'),
('37', 'Ninh Bình', 'Tỉnh'),
('38', 'Thanh Hóa', 'Tỉnh'),
('40', 'Nghệ An', 'Tỉnh'),
('42', 'Hà Tĩnh', 'Tỉnh'),
('44', 'Quảng Bình', 'Tỉnh'),
('45', 'Quảng Trị', 'Tỉnh'),
('46', 'Thừa Thiên Huế', 'Tỉnh'),
('48', 'Đà Nẵng', 'Thành Phố'),
('49', 'Quảng Nam', 'Tỉnh'),
('51', 'Quảng Ngãi', 'Tỉnh'),
('52', 'Bình Định', 'Tỉnh'),
('54', 'Phú Yên', 'Tỉnh'),
('56', 'Khánh Hòa', 'Tỉnh'),
('58', 'Ninh Thuận', 'Tỉnh'),
('60', 'Bình Thuận', 'Tỉnh'),
('62', 'Kon Tum', 'Tỉnh'),
('64', 'Gia Lai', 'Tỉnh'),
('66', 'Đắk Lắk', 'Tỉnh'),
('67', 'Đắk Nông', 'Tỉnh'),
('68', 'Lâm Đồng', 'Tỉnh'),
('70', 'Bình Phước', 'Tỉnh'),
('72', 'Tây Ninh', 'Tỉnh'),
('74', 'Bình Dương', 'Tỉnh'),
('75', 'Đồng Nai', 'Tỉnh'),
('77', 'Bà Rịa - Vũng Tàu', 'Tỉnh'),
('79', 'Hồ Chí Minh', 'Thành Phố'),
('80', 'Long An', 'Tỉnh'),
('82', 'Tiền Giang', 'Tỉnh'),
('83', 'Bến Tre', 'Tỉnh'),
('84', 'Trà Vinh', 'Tỉnh'),
('86', 'Vĩnh Long', 'Tỉnh'),
('87', 'Đồng Tháp', 'Tỉnh'),
('89', 'An Giang', 'Tỉnh'),
('91', 'Kiên Giang', 'Tỉnh'),
('92', 'Cần Thơ', 'Thành Phố'),
('93', 'Hậu Giang', 'Tỉnh'),
('94', 'Sóc Trăng', 'Tỉnh'),
('95', 'Bạc Liêu', 'Tỉnh'),
('96', 'Cà Mau', 'Tỉnh');

-- --------------------------------------------------------

--
-- Table structure for table `users`
--

CREATE TABLE IF NOT EXISTS `users` (
  `id` int(11) NOT NULL AUTO_INCREMENT,
  `username` varchar(50) COLLATE utf8_bin NOT NULL,
  `full_name` varchar(255) CHARACTER SET utf8 COLLATE utf8_unicode_ci NOT NULL,
  `phone` varchar(255) COLLATE utf8_bin NOT NULL,
  `address` varchar(255) COLLATE utf8_bin NOT NULL,
  `password` varchar(255) COLLATE utf8_bin NOT NULL,
  `email` varchar(100) COLLATE utf8_bin NOT NULL,
  `cmnd` varchar(255) CHARACTER SET utf8 COLLATE utf8_unicode_ci NOT NULL,
  `activated` tinyint(1) NOT NULL DEFAULT '1',
  `province` varchar(11) COLLATE utf8_bin NOT NULL,
  `banned` tinyint(1) NOT NULL DEFAULT '0',
  `ban_reason` varchar(255) COLLATE utf8_bin DEFAULT NULL,
  `new_password_key` varchar(50) COLLATE utf8_bin DEFAULT NULL,
  `new_password_requested` datetime DEFAULT NULL,
  `new_email` varchar(100) COLLATE utf8_bin DEFAULT NULL,
  `new_email_key` varchar(50) COLLATE utf8_bin DEFAULT NULL,
  `last_ip` varchar(40) COLLATE utf8_bin NOT NULL,
  `last_login` datetime NOT NULL DEFAULT '0000-00-00 00:00:00',
  `created` datetime NOT NULL DEFAULT '0000-00-00 00:00:00',
  `modified` timestamp NOT NULL DEFAULT CURRENT_TIMESTAMP ON UPDATE CURRENT_TIMESTAMP,
  `birthday` varchar(255) CHARACTER SET utf8 COLLATE utf8_unicode_ci NOT NULL,
  `img` text CHARACTER SET utf8 COLLATE utf8_unicode_ci NOT NULL,
  `role` int(11) NOT NULL DEFAULT '3',
  `login_id` text CHARACTER SET utf8 COLLATE utf8_unicode_ci NOT NULL,
  `token` text CHARACTER SET utf8 COLLATE utf8_unicode_ci NOT NULL,
  PRIMARY KEY (`id`)
) ENGINE=InnoDB  DEFAULT CHARSET=utf8 COLLATE=utf8_bin AUTO_INCREMENT=4 ;

--
-- Dumping data for table `users`
--

INSERT INTO `users` (`id`, `username`, `full_name`, `phone`, `address`, `password`, `email`, `cmnd`, `activated`, `province`, `banned`, `ban_reason`, `new_password_key`, `new_password_requested`, `new_email`, `new_email_key`, `last_ip`, `last_login`, `created`, `modified`, `birthday`, `img`, `role`, `login_id`, `token`) VALUES
(1, 'giangbeo', 'Nguyễn Trường Giang', '01667039939', 'HCM', '$2a$08$av0xeUt7pYqEymtq0ENPN.65FaINVis/64LmuohuAdt8ND8exqVs2', 'nguyentruonggiang91@gmail.com', '', 1, '79', 0, NULL, NULL, NULL, NULL, 'ad9147af77ea0a71cb1045eb8c144048', '127.0.0.1', '2014-06-13 04:23:34', '2014-03-21 08:25:47', '2014-06-13 02:23:34', '', '', 1, '', ''),
(3, 'beobeboi91', 'Nguyễn Trường Giang', '01667039939', '173 Chu Văn An, 26, Binh Thanh District, Ho Chi Minh City, Vietnam', '$2a$08$0cjQOCxQhtGv0U.ssvX0Iu8teplSLKz3EvNdLiVGYDRRvvrNn2s6W', 'beobeboi91@gmail.com', '142637238', 1, '30', 0, NULL, NULL, NULL, NULL, 'fa7807d1f4f7337fbe57f848c7f743bc', '::1', '0000-00-00 00:00:00', '2014-07-03 13:53:01', '2014-07-03 11:53:01', '1991-05-09', '', 2, '1510777882472012', 'CAAEXM5viqOIBANChRlhn4rS9hbOIoiAm0QqxPnXmEVnaxwjH4cZAyITsiZANm0v7SxPK4CpcxxnCbc7ZBFh5UFt8RPMoZBZCwAByWs7qcTsJuL6GKZAmkHtj54VVB1EuIq3ZC1BagqZAfV2JroIm57Cnyr1sX4K6l43aqddZCXiHv5UcM2MZAn2DmCJT0hSKPT588ZD');

-- --------------------------------------------------------

--
-- Table structure for table `user_autologin`
--

CREATE TABLE IF NOT EXISTS `user_autologin` (
  `key_id` char(32) COLLATE utf8_bin NOT NULL,
  `user_id` int(11) NOT NULL DEFAULT '0',
  `user_agent` varchar(150) COLLATE utf8_bin NOT NULL,
  `last_ip` varchar(40) COLLATE utf8_bin NOT NULL,
  `last_login` timestamp NOT NULL DEFAULT CURRENT_TIMESTAMP ON UPDATE CURRENT_TIMESTAMP,
  PRIMARY KEY (`key_id`,`user_id`)
) ENGINE=InnoDB DEFAULT CHARSET=utf8 COLLATE=utf8_bin;

-- --------------------------------------------------------

--
-- Table structure for table `user_profiles`
--

CREATE TABLE IF NOT EXISTS `user_profiles` (
  `id` int(11) NOT NULL AUTO_INCREMENT,
  `user_id` int(11) NOT NULL,
  `country` varchar(20) COLLATE utf8_bin DEFAULT NULL,
  `website` varchar(255) COLLATE utf8_bin DEFAULT NULL,
  PRIMARY KEY (`id`)
) ENGINE=InnoDB  DEFAULT CHARSET=utf8 COLLATE=utf8_bin AUTO_INCREMENT=2 ;

--
-- Dumping data for table `user_profiles`
--

INSERT INTO `user_profiles` (`id`, `user_id`, `country`, `website`) VALUES
(1, 1, NULL, NULL);

-- --------------------------------------------------------

--
-- Table structure for table `user_role`
--

CREATE TABLE IF NOT EXISTS `user_role` (
  `id` int(11) NOT NULL AUTO_INCREMENT,
  `name` varchar(255) COLLATE utf8_unicode_ci NOT NULL,
  `is_staff` int(11) NOT NULL,
  PRIMARY KEY (`id`)
) ENGINE=InnoDB  DEFAULT CHARSET=utf8 COLLATE=utf8_unicode_ci AUTO_INCREMENT=5 ;

--
-- Dumping data for table `user_role`
--

INSERT INTO `user_role` (`id`, `name`, `is_staff`) VALUES
(1, 'Administrator', 1),
(2, 'Staff', 1),
(3, 'Member', 0),
(4, 'Volunteer', 2);

-- --------------------------------------------------------

--
-- Table structure for table `youtube`
--

CREATE TABLE IF NOT EXISTS `youtube` (
  `id_youtube` int(11) NOT NULL AUTO_INCREMENT,
  `code_youtube` varchar(255) COLLATE utf8_unicode_ci NOT NULL,
  `title_youtube` varchar(255) COLLATE utf8_unicode_ci NOT NULL,
  PRIMARY KEY (`id_youtube`)
) ENGINE=InnoDB  DEFAULT CHARSET=utf8 COLLATE=utf8_unicode_ci AUTO_INCREMENT=28 ;

--
-- Dumping data for table `youtube`
--

INSERT INTO `youtube` (`id_youtube`, `code_youtube`, `title_youtube`) VALUES
(1, 'Lnzsm4Lh9ME', 'Trailer FAPtv 07 - Bựa Nhân Đón World Cup'),
(2, 'V2U8wuFzrEg', 'Viet Nam 10-4 Tajikistan VCK Futsal chau A 2014'),
(3, 'JL1MeXYl-qs', '[The Voice Kids Vietnam] H''REN LÊN RẪY - NGUYỄN HOÀNG ANH'),
(4, 'hjLPAg4T9KY', '[FUST] Training: TẬP LUYỆN KỶ NĂNG SÚT BÓNG'),
(5, 'zAVAM3xvWt0', '[RELAX] ĐỈNH CAO NGHỆ THUẬT CHƠI BÓNG'),
(6, 'M8gVJJDDRqY', '[Freestyle Football] NGÔI SAO BÓNG ĐÁ NGHỆ THUẬT'),
(7, 'yARPzN0xZZs', '[FUST] GIAO HỮU: FUST vs ĐA NHIM FC (4 - 4)'),
(8, 'uxx7R83zlpM', '[AFC Futsal Championship 2014] Vietnam vs Kuwait (2-1)'),
(9, 'YAKA30_Y-i0', '[Futsal Videos] Friendly Match: Vietnam vs Lebanon (6-2)'),
(10, 'DDaotlO3kUo', '[Music Cover] LIÊN KHÚC NHẠC VIỆT'),
(11, 'NJS8NNBRgeA', '[FUSTA30] TRẬN ĐẤU ĐẦU TIÊN TẠI GIẢI FUTSAL O.30'),
(12, 'LxLjtuBmG9s', '[Spring Cup 2014] Final Match: SHB.HCM vs BARCA SAIGON'),
(13, 'nQLB_KgjjII', '[FUST] GIAO HỮU: FUST vs YEAH1TV (11-10)'),
(14, 'OeMi49fqJA8', '[FUST] TẬP LUYỆN CHO TRẬN GIAO HỮU VỚI YEAH1TV'),
(15, 'Dioh3inMGvc', '[FUST-Videos] BUỔI TẬP LUYỆN ĐẦU TIÊN CỦA FUST'),
(16, 'RtOs8OGM1vI', '[Event Videos] Super Sunday...The Exciting Day'),
(17, 'G1SpnwLb-kg', '[Dance Videos] Bar Bar Bar - Cover by Panoma Dance Crew'),
(18, 'gixUp9TGBw8', '[Karaoke] TÌNH YÊU MÀU NẮNG (Đoàn Thúy Trang ft Big Daddy)'),
(19, 'LTHAaqy4UO0', '[Karaoke] NẮNG ẤM XA DẦN (M-TP Sơn Tùng)'),
(20, 'hT7kFElxhAk', '[Karaoke] LẶNG THẦM MỘT TÌNH YÊU (Thanh Bùi ft Hồ Ngọc Hà)'),
(21, 'HRj4iwMrDaQ', '[Karaoke] EM KHÔNG QUAY VỀ (Hoàng Tôn ft Yanbi)'),
(22, 'dcri7_Wc1gk', '[Karaoke] ĐỪNG NGOẢNH LẠI (Lưu Hương Giang ft Cường Seven)'),
(23, 'qCAQ9yH23FU', '[Futsal Videos] SAIGON FANS FC (Training)'),
(24, 'VMxvolb7Cp8', '[Futsal Skills] HỌC KỸ THUẬT FUTSAL VỚI RICARDINHO'),
(25, 'HQIstBVSR3g', '[Futsal Tactics] CHIẾN THUẬT 1 CHỐNG 2'),
(26, 'w0ZeSMRItB4', '[Football Skills] Neymar Ronaldo Skills'),
(27, 'CCQZXajzN1I', '[Football Skills] Neymar Skills, Tricks & Goals (Part 02)');

/*!40101 SET CHARACTER_SET_CLIENT=@OLD_CHARACTER_SET_CLIENT */;
/*!40101 SET CHARACTER_SET_RESULTS=@OLD_CHARACTER_SET_RESULTS */;
/*!40101 SET COLLATION_CONNECTION=@OLD_COLLATION_CONNECTION */;
